Email,Phone
"contact@myfreelance.ma",""
"contact@rythmedia.com",""
"contact@rhillane.com",""
"contact@energiedin.com",""
"contact@inventis.ma",""
"contact@thinkweb.ma",""
"imagincreative.maroc@gmail.com",""
"contact@myfreelance.ma",""
"contact@baleez.net",""
"avisionmaroc@gmail.com",""
"contact@rhillane.com",""
"contact@rhillane.com",""
"contact@energiedin.com",""
"contact@rythmedia.com",""
"commercial@fes-marketing.net",""
"contact@energiedin.com",""
"avisionmaroc@gmail.com",""
"contact@marocrank.com",""
"support@marocrank.com",""
"contact@newdevmaroc.com",""
"contact@devpub-solution.com",""
"contact@myfreelance.ma",""
"contact@rhillane.com",""
"contact@energiedin.com",""
"contact@rythmedia.com",""
"saadrachid.4r@gmail.com",""
"contact@seocom.ma",""
"needhelp@company.com",""
"contact@rhillane.com",""
"agence@fcpo.ma",""
"academy@fcpo.ma",""
"recrutement@fcpo.ma",""
"contact@rhillane.com",""